event_key,point_type,point_date,definition_note
TL-001,T0,2026-05-22,콘텐츠 기점 (에이전트① t0)
TL-001,Ta,2026-06-01,시스템 신호 확정일 (D-12 규칙) — 제안 대응
TL-002,T0,2026-02-04,콘텐츠 기점 (에이전트① t0)
TL-002,Ta,2026-02-15,시스템 신호 확정일 (D-12 규칙) — 제안 대응
TL-002,Tb,2026-03-06,첫 행정 대응 (is_case_response) — 제안 대응
TL-003,T0,2025-07-03,콘텐츠 기점 (에이전트① t0)
TL-003,Tb,2025-07-04,첫 행정 대응 (is_case_response) — 제안 대응
TL-004,T0,2025-07-19,콘텐츠 기점 (에이전트① t0)
TL-004,Tb,2025-07-24,첫 행정 대응 (is_case_response) — 제안 대응
TL-005,T0,2025-06-26,콘텐츠 기점 (에이전트① t0)
TL-005,Tb,2025-08-11,첫 행정 대응 (is_case_response) — 제안 대응
