region_id,region_name,metric,start,confirm,end,days,peak,peak_date,threshold
12810,무안군,네이버 검색지수,2025-01-01,2025-01-07,2025-01-16,16,19.18,2025-01-01,1.73
47760,영양군,네이버 검색지수,2025-01-18,2025-01-24,2025-01-24,7,2.59,2025-01-19,1.73
11680,강남구,네이버 검색지수,2025-02-12,2025-02-18,2025-02-25,14,7.38,2025-02-15,1.73
48860,산청군,네이버 검색지수,2025-03-24,2025-03-30,2025-04-03,11,21.33,2025-03-26,1.73
31710,울주군,네이버 검색지수,2025-03-25,2025-03-31,2025-04-02,9,11.64,2025-03-27,1.73
47170,안동시,네이버 검색지수,2025-03-25,2025-03-31,2025-04-03,10,13.0,2025-03-28,1.73
47730,의성군,네이버 검색지수,2025-03-25,2025-03-31,2025-04-05,12,45.27,2025-03-27,1.73
47750,청송군,네이버 검색지수,2025-03-27,2025-04-02,2025-04-05,10,10.64,2025-03-28,1.73
47760,영양군,네이버 검색지수,2025-03-28,2025-04-03,2025-04-03,7,10.97,2025-03-28,1.73
47770,영덕군,네이버 검색지수,2025-03-28,2025-04-03,2025-04-06,10,8.98,2025-03-28,1.73
41210,광명시,네이버 검색지수,2025-04-14,2025-04-20,2025-04-20,7,7.65,2025-04-14,1.73
36110,세종특별자치시,네이버 검색지수,2025-07-08,2025-07-14,2025-07-18,11,1.91,2025-07-11,1.73
26170,동구,네이버 검색지수,2025-07-13,2025-07-19,2025-07-22,10,4.34,2025-07-13,1.73
30230,대덕구,네이버 검색지수,2025-07-13,2025-07-19,2025-07-21,9,2.32,2025-07-18,1.73
41370,오산시,네이버 검색지수,2025-07-19,2025-07-25,2025-07-25,7,3.08,2025-07-19,1.73
48860,산청군,네이버 검색지수,2025-07-21,2025-07-27,2025-07-30,10,5.53,2025-07-22,1.73
36110,세종특별자치시,네이버 검색지수,2025-07-22,2025-07-28,2025-07-28,7,1.92,2025-07-22,1.73
48330,양산시,네이버 검색지수,2025-07-26,2025-08-01,2025-08-02,8,2.49,2025-07-29,1.73
12820,함평군,네이버 검색지수,2025-08-04,2025-08-10,2025-08-14,11,3.69,2025-08-05,1.73
51150,강릉시,네이버 검색지수,2025-08-25,2025-08-31,2025-09-25,32,7.31,2025-09-12,1.73
30230,대덕구,네이버 검색지수,2025-09-17,2025-09-23,2025-09-23,7,1.75,2025-09-17,1.73
30230,대덕구,네이버 검색지수,2025-11-11,2025-11-17,2025-11-18,8,2.2,2025-11-11,1.73
30230,대덕구,네이버 검색지수,2025-12-05,2025-12-11,2025-12-14,10,2.05,2025-12-09,1.73
26500,수영구,네이버 검색지수,2025-12-25,2025-12-31,2025-12-31,7,1.91,2025-12-25,1.73
26500,수영구,네이버 검색지수,2026-01-07,2026-01-13,2026-01-13,7,1.96,2026-01-09,1.73
41310,구리시,네이버 검색지수,2026-01-28,2026-02-03,2026-02-07,11,3.18,2026-01-30,1.73
30230,대덕구,네이버 검색지수,2026-01-29,2026-02-04,2026-02-09,12,3.47,2026-01-30,1.73
51750,영월군,네이버 검색지수,2026-02-09,2026-02-15,2026-05-12,93,10.79,2026-03-07,1.73
30230,대덕구,네이버 검색지수,2026-02-27,2026-03-05,2026-03-28,30,3.06,2026-03-22,1.73
26500,수영구,네이버 검색지수,2026-03-04,2026-03-10,2026-03-11,8,2.16,2026-03-07,1.73
51820,고성군,네이버 검색지수,2026-04-05,2026-04-11,2026-04-11,7,2.0,2026-04-08,1.73
26320,북구,네이버 검색지수,2026-04-12,2026-04-18,2026-06-17,67,16.85,2026-06-05,1.73
30230,대덕구,네이버 검색지수,2026-04-25,2026-05-01,2026-05-04,10,2.09,2026-04-27,1.73
30230,대덕구,네이버 검색지수,2026-05-08,2026-05-14,2026-06-07,31,3.98,2026-05-13,1.73
48310,거제시,네이버 검색지수,2026-05-26,2026-06-01,2026-06-10,16,2.06,2026-06-05,1.73
44210,서산시,네이버 검색지수,2026-06-17,2026-06-23,2026-07-16,30,6.14,2026-06-29,1.73
12720,곡성군,네이버 검색지수,2026-06-22,2026-06-28,2026-06-29,8,3.13,2026-06-24,1.73
48310,거제시,네이버 검색지수,2026-07-01,2026-07-07,2026-07-09,9,2.14,2026-07-03,1.73
47290,경산시,네이버 검색지수,2026-07-11,2026-07-17,2026-07-17,7,2.93,2026-07-12,1.73
48310,거제시,네이버 검색지수,2026-07-14,2026-07-20,2026-07-22,9,1.95,2026-07-15,1.73
12720,곡성군,네이버 검색지수,2026-07-16,2026-07-22,2026-08-06,22,4.19,2026-07-20,1.73
12740,고흥군,네이버 검색지수,2026-08-04,2026-08-10,2026-08-10,7,1.76,2026-08-04,1.73
44210,서산시,네이버 검색지수,2026-08-04,2026-08-10,2026-08-18,15,2.47,2026-08-14,1.73
48330,양산시,네이버 검색지수,2026-08-04,2026-08-10,2026-08-10,7,1.9,2026-08-07,1.73
51190,태백시,네이버 검색지수,2026-08-05,2026-08-11,2026-08-11,7,2.47,2026-08-08,1.73
48310,거제시,네이버 검색지수,2026-08-19,2026-08-25,2026-08-31,13,7.53,2026-08-20,1.73
50110,제주시,네이버 검색지수,2026-08-25,2026-08-31,2026-08-31,7,3.57,2026-08-29,1.73
12870,신안군,외지인 방문자수,2025-01-26,2025-02-01,2025-02-02,8,1.71,2025-01-30,1.51
43720,보은군,외지인 방문자수,2025-01-26,2025-02-01,2025-02-02,8,2.09,2025-01-30,1.51
12770,장흥군,외지인 방문자수,2025-01-27,2025-02-02,2025-02-03,8,3.25,2025-01-30,1.51
12790,해남군,외지인 방문자수,2025-01-27,2025-02-02,2025-02-03,8,2.49,2025-01-30,1.51
12820,함평군,외지인 방문자수,2025-01-27,2025-02-02,2025-02-02,7,2.45,2025-01-30,1.51
52790,고창군,외지인 방문자수,2025-01-27,2025-02-02,2025-02-02,7,2.89,2025-01-30,1.51
12850,완도군,외지인 방문자수,2025-01-28,2025-02-03,2025-02-03,7,2.31,2025-01-30,1.51
48870,함양군,외지인 방문자수,2025-01-28,2025-02-03,2025-02-04,8,3.97,2025-01-30,1.51
51790,화천군,외지인 방문자수,2025-01-30,2025-02-05,2025-02-05,7,2.73,2025-01-30,1.51
12740,고흥군,외지인 방문자수,2025-10-06,2025-10-12,2025-10-12,7,3.51,2025-10-08,1.51
12850,완도군,외지인 방문자수,2025-10-06,2025-10-12,2025-10-13,8,3.62,2025-10-08,1.51
12860,진도군,외지인 방문자수,2025-10-06,2025-10-12,2025-10-12,7,2.65,2025-10-08,1.51
43740,영동군,외지인 방문자수,2025-10-06,2025-10-12,2025-10-12,7,2.02,2025-10-09,1.51
44760,부여군,외지인 방문자수,2025-10-06,2025-10-12,2025-10-12,7,2.61,2025-10-09,1.51
44770,서천군,외지인 방문자수,2025-10-06,2025-10-12,2025-10-12,7,2.29,2025-10-09,1.51
47280,문경시,외지인 방문자수,2025-10-06,2025-10-12,2025-10-12,7,2.58,2025-10-09,1.51
47760,영양군,외지인 방문자수,2025-10-06,2025-10-12,2025-10-12,7,2.26,2025-10-08,1.51
51170,동해시,외지인 방문자수,2025-10-06,2025-10-12,2025-10-12,7,2.55,2025-10-08,1.51
12730,구례군,외지인 방문자수,2025-10-07,2025-10-13,2025-10-13,7,2.65,2025-10-09,1.51
48840,남해군,외지인 방문자수,2025-10-07,2025-10-13,2025-10-13,7,3.15,2025-10-09,1.51
51810,인제군,외지인 방문자수,2025-11-28,2025-12-04,2025-12-05,8,1.68,2025-11-30,1.51
51810,인제군,외지인 방문자수,2025-12-20,2025-12-26,2026-01-22,34,2.05,2026-01-04,1.51
51810,인제군,외지인 방문자수,2026-02-03,2026-02-09,2026-02-24,22,2.3,2026-02-18,1.51
